0,"{'func name': '_make_inset_locator', 'comments': 'Helper function to locate inset axes, used in `.Axes.inset_axes`.\n\nA locator gets used in `Axes.set_aspect` to override the default locations...\n\nIt is a function that takes an axes object and a renderer and tells `set_aspect` where it is to be placed.\n\nHere *rect* is a rectangle [l, b, w, h] that specifies the location for the axes in the transform given by *trans* on the *parent*.\n', 'stemmed comments': ['function', 'h', 'b', 'helper', 'overrid', 'w', 'rectangl', 'l', 'transform', 'axesinset_ax', 'inset', 'use', 'It', 'place', 'given', 'object', 'tell', 'get', 'specifi', 'rect', 'take', 'here', '[', 'tran', 'axesset_aspect', ']', 'parent', 'default', 'set_aspect', 'axe', 'A', 'render', 'locat']}"
1,"{'func name': '_cached_get_afm_from_fname', 'comments': '', 'stemmed comments': []}"
2,"{'func name': 'blit', 'comments': 'Blit *aggimage* to *photoimage*.\n\n*offsets* is a tuple describing how to fill the ``offset`` field of the ``Tk_PhotoImageBlock`` struct: it should be (0, 1, 2, 3) for RGBA8888 data, (2, 1, 0, 3) for little-endian ARBG32 (i.e. GBRA8888) data and (1, 2, 3, 0) for big-endian ARGB32 (i.e. ARGB8888) data.\n\nIf *bbox* is passed, it defines the region that gets blitted.\n', 'stemmed comments': ['fill', 'bigendian', 'tk_photoimageblock', '3', 'aggimag', 'blit', 'data', '0', 'pass', 'struct', 'describ', 'defin', 'ie', 'argb32', 'offset', 'get', 'field', '2', 'tupl', 'arbg32', 'littleendian', '1', 'If', 'region', 'argb8888', 'bbox', 'gbra8888', 'photoimag', 'rgba8888']}"
3,"{'func name': '_process_plot_format', 'comments': ""Convert a MATLAB style color/line style format string to a (*linestyle*, *marker*, *color*) tuple.\n\nExample format strings include:\n\n* 'ko': black circles * '.b': blue dots * 'r--': red dashed lines * 'C2--': the third color in the color cycle, dashed lines\n\nSee Also -------- matplotlib.Line2D.lineStyles, matplotlib.colors.cnames All possible styles and color format strings.\n"", 'stemmed comments': ['also', 'color/lin', 'color', 'b', 'red', 'line', 'format', 'linestyl', 'cycl', 'see', 'ko', 'blue', 'matlab', 'matplotlibline2dlinestyl', 'marker', 'dash', 'tupl', 'C2', 'style', 'black', 'circl', 'r', 'all', 'third', 'convert', 'includ', 'exampl', 'dot', 'string', 'matplotlibcolorscnam', 'possibl']}"
4,"{'func name': '_gist_yarg', 'comments': '', 'stemmed comments': []}"
5,"{'func name': 'layoutcolorbargridspec', 'comments': 'Do the layout for a colorbar, to not overly pollute colorbar.py\n\n*pad* is in fraction of the original axis size.\n', 'stemmed comments': ['Do', 'pollut', 'overli', 'colorbar', 'origin', 'layout', 'fraction', 'colorbarpi', 'size', 'pad', 'axi']}"
6,"{'func name': 'fedit', 'comments': 'Create form dialog and return result (if Cancel button is pressed, return None)\n\ndata: datalist, datagroup title: str comment: str icon: QIcon instance parent: parent QWidget apply: apply callback (function)\n\ndatalist: list/tuple of (field_name, field_value) datagroup: list/tuple of (datalist *or* datagroup, title, comment)\n\n-> one field for each member of a datalist -> one tab for each member of a top-level datagroup -> one page (of a multipage widget, each page can be selected with a combo box) for each member of a datagroup inside a datagroup\n\nSupported types for field_value:\n\n- int, float, str, unicode, bool\n\n- colors: in Qt-compatible text form, i.e. in hex format or name (red, ...) (automatically detected from a string)\n\n- list/tuple: * the first element will be the selected index (or value) * the other elements can be couples (key, value) or only values\n', 'stemmed comments': ['function', 'return', 'button', 'list/tupl', 'dialog', 'color', 'red', 'one', 'str', 'widget', 'qicon', 'data', 'select', 'press', '>', 'name', 'automat', 'none', 'appli', 'key', 'format', 'comment', 'icon', 'combo', 'index', 'field_nam', 'datalist', 'qtcompat', 'ie', 'page', 'type', 'member', 'field', 'tab', 'detect', 'form', 'text', 'first', 'callback', 'cancel', 'valu', 'datagroup', 'bool', 'instanc', 'multipag', 'float', 'result', 'parent', 'field_valu', 'creat', 'box', 'coupl', 'toplevel', 'support', 'insid', 'int', 'element', 'titl', 'string', 'qwidget', 'hex', 'unicod']}"
7,"{'func name': 'graphviz_dump_transform', 'comments': 'Generate a graphical representation of the transform tree for *transform* using the :program:`dot` program (which this function depends on).  The output format (png, dot, etc.) is determined from the suffix of *dest*.\n\nParameters ---------- transform : `~matplotlib.transform.Transform` The represented transform. dest : str Output filename.\n\nThe extension must be one of the formats supported by :program:`dot`, e.g. png, svg, dot, ... (see https://www.graphviz.org/doc/info/output.html). highlight : list of `~matplotlib.transform.Transform` or None The transforms in the tree to be drawn in bold. If *None*, *transform* is highlighted.\n', 'stemmed comments': ['highlight', 'function', 'must', '//wwwgraphvizorg/doc/info/outputhtml', 'the', 'one', 'str', 'filenam', 'drawn', 'dest', 'svg', 'gener', 'transform', 'list', 'represent', 'repres', 'none', 'format', '~matplotlibtransformtransform', 'use', 'graphic', 'bold', 'see', 'paramet', 'png', 'tree', 'extens', 'If', 'http', 'depend', 'program', 'eg', 'support', 'determin', 'output', 'dot', 'suffix', 'etc']}"
8,"{'func name': 'plot_children', 'comments': 'Simple plotting to show where boxes are.\n\n\n', 'stemmed comments': ['show', 'box', 'plot', 'simpl']}"
9,"{'func name': '_make_secondary_locator', 'comments': 'Helper function to locate the secondary axes.\n\nA locator gets used in `Axes.set_aspect` to override the default locations...\n\nIt is a function that takes an axes object and a renderer and tells `set_aspect` where it is to be placed.\n\nThis locator make the transform be in axes-relative co-coordinates because that is how we specify the ""location"" of the secondary axes.\n\nHere *rect* is a rectangle [l, b, w, h] that specifies the location for the axes in the transform given by *trans* on the *parent*.\n', 'stemmed comments': ['function', 'thi', 'h', 'b', 'helper', 'secondari', 'overrid', 'w', 'transform', 'rectangl', 'l', 'use', 'It', 'place', 'make', 'given', 'object', 'tell', 'get', 'specifi', 'cocoordin', 'rect', 'axesrel', 'take', 'here', '[', 'tran', 'axesset_aspect', ']', 'parent', 'default', 'set_aspect', 'axe', 'A', 'render', 'locat']}"
10,"{'func name': '_picklable_subplot_class_constructor', 'comments': 'Stub factory that returns an empty instance of the appropriate subplot class when called with an axes class. This is purely to allow pickling of Axes and Subplots.\n\n\n', 'stemmed comments': ['thi', 'subplot', 'call', 'return', 'factori', 'allow', 'pickl', 'stub', 'appropri', 'axe', 'pure', 'empti', 'instanc', 'class']}"
11,"{'func name': 'layout', 'comments': ""Render *string* with *font*.  For each character in *string*, yield a (glyph-index, x-position) pair.  When such a pair is yielded, the font's glyph is set to the corresponding character.\n\nParameters ---------- string : str The string to be rendered. font : FT2Font The font. kern_mode : int A FreeType kerning mode.\n\nYields ------ glyph_index : int x_position : float\n"", 'stemmed comments': ['x_posit', 'the', 'glyph_index', 'str', 'yield', 's', 'kern', 'correspond', 'glyphindex', 'for', 'ft2font', 'glyph', 'freetyp', 'paramet', 'charact', 'xposit', 'float', 'when', 'font', 'mode', 'kern_mod', 'int', 'A', 'set', 'string', 'render', 'pair']}"
12,"{'func name': 'get_versions', 'comments': '', 'stemmed comments': []}"
13,"{'func name': 'shade_other_data', 'comments': 'Demonstrates displaying different variables through shade and color.\n\n\n', 'stemmed comments': ['differ', 'demonstr', 'color', 'shade', 'variabl', 'display']}"
14,"{'func name': 'do_plot', 'comments': '', 'stemmed comments': []}"
15,"{'func name': '_parse_optional', 'comments': 'Parse the optional fields for kern pair data and composites.\n\n\n##### Returns\n* **kern_data **: dict\n    A dict containing kerning information. May be empty.\n    See `._parse_kern_pairs`.\n\n* **composites **: dict\n    A dict containing composite information. May be empty.\n    See `._parse_composites`.\n\n', 'stemmed comments': ['kern', 'field', 'see', 'pars', 'composit', 'return', 'kern_data', '_parse_kern_pair', 'empti', 'data', 'may', 'A', 'inform', '_parse_composit', 'option', 'pair', 'contain', 'dict']}"
16,"{'func name': 'make_plot', 'comments': '', 'stemmed comments': []}"
17,"{'func name': 'text', 'comments': '', 'stemmed comments': []}"
18,"{'func name': 'draw_sizebar', 'comments': 'Draw a horizontal bar with length of 0.1 in data coordinates, with a fixed label underneath.\n\n\n', 'stemmed comments': ['01', 'label', 'length', 'underneath', 'bar', 'draw', 'horizont', 'coordin', 'fix', 'data']}"
19,"{'func name': 'select_step360', 'comments': '', 'stemmed comments': []}"
20,"{'func name': 'run', 'comments': '', 'stemmed comments': []}"
21,"{'func name': 'animate', 'comments': '', 'stemmed comments': []}"
22,"{'func name': '_embedded_frames', 'comments': 'frame_list should be a list of base64-encoded png files\n\n\n', 'stemmed comments': ['png', 'base64encod', 'frame_list', 'file', 'list']}"
23,"{'func name': 'make_arrow_plot', 'comments': ""Makes an arrow plot.\n\nParameters ---------- data Dict with probabilities for the bases and pair transitions. size Size of the graph in inches. display : {'length', 'width', 'alpha'} The arrow property to change. shape : {'full', 'left', 'right'} For full or half arrows. max_arrow_width : float Maximum width of an arrow, data coordinates. arrow_sep : float Separation between arrows in a pair, data coordinates. alpha : float Maximum opacity of arrows. **kwargs Can be anything allowed by a Arrow object, e.g. *linewidth* or *edgecolor*.\n"", 'stemmed comments': ['half', 'inch', 'linewidth', 'base', 'the', 'opac', 'probabl', 'separ', 'max_arrow_width', 'properti', 'arrow', 'size', 'data', 'coordin', 'plot', 'dict', 'alpha', 'left', 'chang', 'for', 'make', 'object', 'graph', 'allow', '}', 'paramet', 'width', 'display', 'edgecolor', 'transit', 'anyth', 'full', 'float', 'maximum', 'right', 'length', 'shape', 'eg', 'can', 'arrow_sep', '{', 'pair', 'kwarg']}"
24,"{'func name': '_zalpha', 'comments': 'Modify the alphas of the color list according to depth.\n\n\n', 'stemmed comments': ['modifi', 'alpha', 'depth', 'color', 'accord', 'list']}"
25,"{'func name': 'label', 'comments': '', 'stemmed comments': []}"
26,"{'func name': 'kwdoc', 'comments': 'Inspect an `~matplotlib.artist.Artist` class (using `.ArtistInspector`) and return information about its settable properties and their current values.\n\nParameters ---------- artist : `~matplotlib.artist.Artist` or an iterable of `Artist`\\s\n##### Returns\n* **str\n    The settable properties of *artist*, as plain text if\n    **: rc\n\n', 'stemmed comments': ['return', 'settabl', 'the', 'str', 'properti', 'inform', 'inspect', 'artistinspector', 'use', '\\s', 'text', 'paramet', 'rc', 'iter', 'valu', 'artist', 'class', 'plain', '~matplotlibartistartist', 'current']}"
27,"{'func name': 'on_draw', 'comments': '', 'stemmed comments': []}"
28,"{'func name': 'make_axes_area_auto_adjustable', 'comments': '', 'stemmed comments': []}"
29,"{'func name': '_tick_only', 'comments': '', 'stemmed comments': []}"
30,"{'func name': 'f', 'comments': '', 'stemmed comments': []}"
31,"{'func name': 'imshow_rgb', 'comments': '', 'stemmed comments': []}"
32,"{'func name': 'from_any', 'comments': 'Create a Fixed unit when the first argument is a float, or a Fraction unit if that is a string that ends with %. The second argument is only meaningful when Fraction unit is created.\n\n>>> a = Size.from_any(1.2) # => Size.Fixed(1.2) >>> Size.from_any(""50%"", a) # => Size.Fraction(0.5, a)\n', 'stemmed comments': ['the', '%', '50', 'sizefrom_ani', '>', 'unit', 'end', 'sizefix', 'fix', '12', 'first', 'second', 'float', '05', '=', 'creat', 'argument', 'sizefract', 'fraction', 'string', 'meaning']}"
33,"{'func name': 'zoom_effect02', 'comments': 'ax1 : the main axes ax1 : the zoomed axes\n\nSimilar to zoom_effect01.\n\nThe xmin & xmax will be taken from the ax1.viewLim.\n', 'stemmed comments': ['zoom_effect01', 'ax1viewlim', 'xmin', 'xmax', 'the', 'taken', 'ax1', 'main', 'axe', 'zoom', 'similar', '&']}"
34,"{'func name': 'get_test_data', 'comments': 'Return a tuple X, Y, Z with a test data set.\n\n\n', 'stemmed comments': ['test', 'return', 'Y', 'X', 'Z', 'set', 'tupl', 'data']}"
35,"{'func name': 'setup_axes', 'comments': '', 'stemmed comments': []}"
36,"{'func name': 'setup_axes', 'comments': '', 'stemmed comments': []}"
37,"{'func name': 'setup_axes', 'comments': '', 'stemmed comments': []}"
38,"{'func name': 'setup_axes', 'comments': '', 'stemmed comments': []}"
39,"{'func name': '_make_getset_interval', 'comments': 'Helper to generate ``get_{data,view}_interval`` and ``set_{data,view}_interval`` implementations.\n\n\n', 'stemmed comments': ['get_', 'set_', 'view', '}', 'helper', '{', 'data', 'implement', 'gener', '_interv']}"
40,"{'func name': 'tick_update_position', 'comments': 'Update tick line and label position and style.\n\n\n', 'stemmed comments': ['style', 'updat', 'line', 'label', 'posit', 'tick']}"
41,"{'func name': 'get_hinting_flag', 'comments': '', 'stemmed comments': []}"
42,"{'func name': 'button_press_handler', 'comments': 'The default Matplotlib button actions for extra mouse buttons.\n\nParameters are as for `key_press_handler`, except that *event* is a `MouseEvent`.\n', 'stemmed comments': ['extra', 'action', 'except', 'button', 'the', 'default', 'paramet', 'event', 'key_press_handl', 'mous', 'matplotlib', 'mouseev']}"
43,"{'func name': '_cairo_font_args_from_font_prop', 'comments': 'Convert a `.FontProperties` or a `.FontEntry` to arguments that can be passed to `.Context.select_font_face`.\n\n\n', 'stemmed comments': ['pass', 'contextselect_font_fac', 'fontproperti', 'argument', 'convert', 'fontentri']}"
44,"{'func name': 'error_msg_gtk', 'comments': '', 'stemmed comments': []}"
45,"{'func name': 'connection_info', 'comments': 'Return a string showing the figure and connection status for the backend.\n\nThis is intended as a diagnostic tool, and not for general use.\n', 'stemmed comments': ['thi', 'diagnost', 'figur', 'return', 'tool', 'statu', 'use', 'backend', 'intend', 'string', 'show', 'connect', 'gener']}"
46,"{'func name': '_paint_path', 'comments': 'Return the PDF operator to paint a path.\n\nParameters ---------- fill: bool Fill the path with the fill color. stroke: bool Stroke the outline of the path with the line color.\n', 'stemmed comments': ['outlin', 'fill', 'return', 'paint', 'pdf', 'paramet', 'color', 'line', 'stroke', 'oper', 'bool', 'path']}"
47,"{'func name': '_cleanup_all', 'comments': '', 'stemmed comments': []}"
48,"{'func name': 'pstoeps', 'comments': 'Convert the postscript to encapsulated postscript.  The bbox of the eps file will be replaced with the given *bbox* argument. If None, original bbox will be used.\n\n\n', 'stemmed comments': ['If', 'none', 'encapsul', 'ep', 'the', 'bbox', 'origin', 'argument', 'convert', 'use', 'given', 'postscript', 'replac', 'file']}"
49,"{'func name': '_allow_super_init', 'comments': 'Decorator for ``__init__`` to allow ``super().__init__`` on PyQt4/PySide2.\n\n\n', 'stemmed comments': ['__init__', 'super', 'pyqt4/pyside2', 'decor', 'allow']}"
50,"{'func name': 'generate_css', 'comments': '', 'stemmed comments': []}"
51,"{'func name': 'new_figure_manager_given_figure', 'comments': 'Create a new figure manager instance for the given figure.\n\n\n', 'stemmed comments': ['figur', 'creat', 'given', 'new', 'manag', 'instanc']}"
52,"{'func name': 'add_tools_to_container', 'comments': 'Add multiple tools to the container.\n\nParameters ---------- container : Container `backend_bases.ToolContainerBase` object that will get the tools added. tools : list, optional List in the form ``[[group1, [tool1, tool2 ...]], [group2, [...]]]`` where the tools ``[tool1, tool2, ...]`` will display in group1. See `add_tool` for details.\n', 'stemmed comments': ['tool', 'tool1', 'group2', 'group1', 'list', 'ad', 'add_tool', 'object', 'get', 'see', 'form', 'tool2', 'paramet', 'display', 'option', 'backend_basestoolcontainerbas', '[', ']', 'add', 'detail', 'multipl', 'contain']}"
53,"{'func name': '_handle_key', 'comments': 'Handle key codes\n\n\n', 'stemmed comments': ['handl', 'code', 'key']}"
54,"{'func name': 'ipython_inline_display', 'comments': '', 'stemmed comments': []}"
55,"{'func name': '_set_frame_icon', 'comments': '', 'stemmed comments': []}"
56,"{'func name': '_convert_agg_to_wx_bitmap', 'comments': 'Convert the region of the agg buffer bounded by bbox to a wx.Bitmap.  If bbox is None, the entire buffer is converted. Note: agg must be a backend_agg.RendererAgg instance.\n\n\n', 'stemmed comments': ['backend_aggrendereragg', 'If', 'none', 'region', 'must', 'instanc', 'bbox', 'convert', 'note', 'agg', 'bound', 'entir', 'buffer', 'wxbitmap']}"
57,"{'func name': 'plot_student_results', 'comments': '', 'stemmed comments': []}"
58,"{'func name': 'autolabel', 'comments': 'Attach a text label above each bar in *rects*, displaying its height.\n\n\n', 'stemmed comments': ['attach', 'text', 'rect', 'bar', 'display', 'height', 'label']}"
59,"{'func name': 'cos', 'comments': '', 'stemmed comments': []}"
60,"{'func name': 'beta_pdf', 'comments': '', 'stemmed comments': []}"
61,"{'func name': 'concatenate_paths', 'comments': 'Concatenate a list of paths into a single path.\n\n\n', 'stemmed comments': ['concaten', 'path', 'list', 'singl']}"
62,"{'func name': 'plot_beta_hist', 'comments': '', 'stemmed comments': []}"
63,"{'func name': 'build_pyplot', 'comments': '', 'stemmed comments': []}"
64,"{'func name': 'fake_bootstrapper', 'comments': ""This is just a placeholder for the user's method of bootstrapping the median and its confidence intervals.\n\n\n"", 'stemmed comments': ['thi', 'interv', 'bootstrap', 'median', 'placehold', 's', 'confid', 'user', 'method']}"
65,"{'func name': '_get_xdg_cache_dir', 'comments': 'Return the XDG cache directory.\n\nSee https://standards.freedesktop.org/basedir-spec/basedir-spec-latest.html\n', 'stemmed comments': ['see', 'http', 'return', 'xdg', 'cach', '//standardsfreedesktoporg/basedirspec/basedirspeclatesthtml', 'directori']}"
66,"{'func name': 'func', 'comments': '', 'stemmed comments': []}"
67,"{'func name': 'clip_line_to_rect', 'comments': '', 'stemmed comments': []}"
68,"{'func name': 'on_close', 'comments': '', 'stemmed comments': []}"
69,"{'func name': 'get_cmap', 'comments': 'Get a colormap instance, defaulting to rc values if *name* is None.\n\nColormaps added with :func:`register_cmap` take precedence over built-in colormaps.\n\nNotes ----- Currently, this returns the global colormap object, which is deprecated. In Matplotlib 3.5, you will no longer be able to modify the global colormaps in-place.\n\nParameters ---------- name : `matplotlib.colors.Colormap` or str or None, default: None If a `.Colormap` instance, it will be returned. Otherwise, the name of a colormap known to Matplotlib, which will be resampled by *lut*. The default, None, means :rc:`image.cmap`. lut : int or None, default: None If *name* is not already a Colormap instance and *lut* is not None, the colormap will be resampled to have *lut* entries in the lookup table.\n', 'stemmed comments': ['known', 'return', 'the', 'str', 'mean', 'In', 'name', 'none', 'builtin', 'register_cmap', 'modifi', 'ad', 'longer', 'matplotlibcolorscolormap', 'otherwis', 'lut', 'colormap', 'object', 'global', 'get', 'inplac', 'rc', 'paramet', 'imagecmap', 'note', 'entri', '35', 'valu', 'resampl', 'instanc', 'take', 'abl', 'matplotlib', 'If', 'lookup', 'default', 'alreadi', 'func', 'int', 'preced', 'tabl', 'deprec', 'current']}"
70,"{'func name': 'colorbar', 'comments': 'Create a colorbar for a ScalarMappable instance.\n\nDocumentation for the pyplot thin wrapper:\n\n%s\n', 'stemmed comments': ['thin', 'wrapper', 'creat', 'colorbar', 'document', '%', 'pyplot', 'scalarmapp', 'instanc']}"
71,"{'func name': 'colorbar_factory', 'comments': ""Create a colorbar on the given axes for the given mappable.\n\n.. note:: This is a low-level function to turn an existing axes into a colorbar axes.\n\nTypically, you'll want to use `~.Figure.colorbar` instead, which automatically handles creation and placement of a suitable axes as well.\n\nParameters ---------- cax : `~matplotlib.axes.Axes` The `~.axes.Axes` to turn into a colorbar. mappable : `~matplotlib.cm.ScalarMappable` The mappable to be described by the colorbar. **kwargs Keyword arguments are passed to the respective colorbar class.\n##### Returns\n"", 'stemmed comments': ['lowlevel', 'thi', 'function', 'return', 'the', 'well', '~matplotlibcmscalarmapp', 'automat', 'creation', 'cax', 'pass', 'use', 'describ', 'given', 'mappabl', 'suitabl', 'placement', 'want', 'respect', 'colorbar', 'typic', 'paramet', 'note', 'll', '~figurecolorbar', 'class', 'exist', 'keyword', 'turn', 'creat', '~matplotlibaxesax', 'argument', 'handl', 'axe', '~axesax', 'instead', 'kwarg']}"
72,"{'func name': 'plot_color_gradients', 'comments': '', 'stemmed comments': []}"
73,"{'func name': 'plot_linearmap', 'comments': '', 'stemmed comments': []}"
74,"{'func name': 'plot_color_gradients', 'comments': '', 'stemmed comments': []}"
75,"{'func name': 'demo', 'comments': '', 'stemmed comments': []}"
76,"{'func name': 'from_levels_and_colors', 'comments': 'A helper routine to generate a cmap and a norm instance which behave similar to contourf\'s levels and colors arguments.\n\nParameters ---------- levels : sequence of numbers The quantization levels used to construct the `BoundaryNorm`. Value ``v`` is quantized to level ``i`` if ``lev[i] <= v < lev[i+1]``. colors : sequence of colors The fill color to use for each level. If *extend* is ""neither"" there must be ``n_level\n\n- 1`` colors. For an *extend* of ""min"" or ""max"" add one extra color, and for an *extend* of ""both"" add two colors. extend : {\'neither\', \'min\', \'max\', \'both\'}, optional The behaviour when a value falls out of range of the given levels. See `~.Axes.contourf` for details.\n##### Returns\n* **cmap **: `~matplotlib.colors.Normalize`\n\n* **norm **: `~matplotlib.colors.Colormap`\n\n', 'stemmed comments': ['both', 'must', 'fill', 'contourf', 'return', 'the', 'color', 'helper', 'one', 'quantiz', 's', 'gener', 'max', 'extra', 'min', '~matplotlibcolorscolormap', 'n_level', 'use', 'fall', 'number', 'behav', 'v', 'for', '~matplotlibcolorsnorm', 'similar', 'given', 'level', 'rang', 'see', 'routin', 'extend', '<', '}', 'paramet', 'construct', 'cmap', 'i1', 'valu', '~axescontourf', 'lev', 'sequenc', 'norm', 'instanc', 'boundarynorm', 'option', '[', 'If', '1', 'two', ']', 'add', '=', 'neither', 'behaviour', 'argument', 'detail', 'A', '{']}"
77,"{'func name': 'save_diff_image', 'comments': 'Parameters ---------- expected : str File path of expected image. actual : str File path of actual image. output : str File path to save difference image to.\n\n\n', 'stemmed comments': ['expect', 'differ', 'imag', 'paramet', 'save', 'str', 'output', 'actual', 'path', 'file']}"
78,"{'func name': 'setup', 'comments': '', 'stemmed comments': []}"
79,"{'func name': 'get_correlated_dataset', 'comments': '', 'stemmed comments': []}"
80,"{'func name': 'pd', 'comments': 'Fixture to import and configure pandas.\n\n\n', 'stemmed comments': ['panda', 'fixtur', 'import', 'configur']}"
81,"{'func name': 'demo_con_style', 'comments': '', 'stemmed comments': []}"
82,"{'func name': 'docomplicated', 'comments': '', 'stemmed comments': []}"
83,"{'func name': '_find_closest_point_on_path', 'comments': 'Parameters ---------- lc : coordinates of vertices point : coordinates of test point\n\n\n', 'stemmed comments': ['test', 'paramet', 'vertic', 'point', 'lc', 'coordin']}"
84,"{'func name': 'on_click', 'comments': '', 'stemmed comments': []}"
85,"{'func name': 'millions', 'comments': '', 'stemmed comments': []}"
86,"{'func name': 'reload_library', 'comments': 'Reload the style library.\n\n\n', 'stemmed comments': ['style', 'reload', 'librari']}"
87,"{'func name': 'custom_box_style', 'comments': 'Given the location and size of the box, return the path of the box around it.\n\nRotation is automatically taken care of.\n\nParameters ---------- x0, y0, width, height : float Box location and size. mutation_size : float Mutation reference scale, typically the text font size. mutation_aspect Mutation aspect ratio.\n', 'stemmed comments': ['x0', 'return', 'mutation_s', 'size', 'automat', 'y0', 'locat', 'given', 'mutation_aspect', 'scale', 'text', 'paramet', 'typic', 'width', 'mutat', 'height', 'float', 'around', 'ratio', 'font', 'aspect', 'rotat', 'box', 'refer', 'taken', 'care', 'path']}"
88,"{'func name': 'setup', 'comments': '', 'stemmed comments': []}"
89,"{'func name': 'millions', 'comments': 'The two args are the value and tick position.\n\n\n', 'stemmed comments': ['two', 'arg', 'the', 'valu', 'posit', 'tick']}"
90,"{'func name': 'set_axis_style', 'comments': '', 'stemmed comments': []}"
91,"{'func name': 'format_date', 'comments': '', 'stemmed comments': []}"
92,"{'func name': '_reset_epoch_for_tutorial', 'comments': 'Users (and downstream libraries) should not use the private method of resetting the epoch.\n\n\n', 'stemmed comments': ['privat', 'epoch', 'reset', 'use', 'downstream', 'method', 'user', 'librari']}"
93,"{'func name': 'date_ticker_factory', 'comments': 'Create a date locator with *numticks* (approx) and a date formatter for *span* in days.  Return value is (locator, formatter).\n\n\n', 'stemmed comments': ['numtick', 'span', 'return', 'creat', 'day', 'date', 'approx', 'valu', 'formatt', 'locat']}"
94,"{'func name': '_image_directories', 'comments': ""Compute the baseline and result image directories for testing *func*.\n\nFor test module ``foo.bar.test_baz``, the baseline directory is at ``foo/bar/baseline_images/test_baz`` and the result directory at ``$(pwd)/result_images/test_baz``.\n\nThe result directory is created if it doesn't exist.\n"", 'stemmed comments': ['foo/bar/baseline_images/test_baz', 'baselin', 'exist', 'test', 'result', '/result_images/test_baz', 'imag', 'comput', 'the', 'creat', 'foobartest_baz', '$', 'func', 'directori', 'modul', 'for', 'nt', 'pwd']}"
95,"{'func name': 'light_filter_pie', 'comments': '', 'stemmed comments': []}"
96,"{'func name': 'demo', 'comments': '', 'stemmed comments': []}"
97,"{'func name': 'demo_grid_with_each_cbar_labelled', 'comments': 'A grid of 2x2 images. Each image has its own colorbar.\n\n\n', 'stemmed comments': ['2x2', 'imag', 'colorbar', 'A', 'grid', 'each']}"
98,"{'func name': 'add_inner_title', 'comments': '', 'stemmed comments': []}"
99,"{'func name': 'make_heights_equal', 'comments': '', 'stemmed comments': []}"
100,"{'func name': 'demo_rgb2', 'comments': '', 'stemmed comments': []}"
101,"{'func name': 'add_floating_axis2', 'comments': '', 'stemmed comments': []}"
102,"{'func name': 'example_plot', 'comments': '', 'stemmed comments': []}"
103,"{'func name': 'curvelinear_test2', 'comments': 'Polar projection, but in a rectangular box.\n\n\n', 'stemmed comments': ['rectangular', 'box', 'polar', 'project']}"
104,"{'func name': 'curvelinear_test1', 'comments': 'Grid for custom transform.\n\n\n', 'stemmed comments': ['grid', 'transform', 'custom']}"
105,"{'func name': 'demo_right_cbar', 'comments': 'A grid of 2x2 images. Each row has its own colorbar.\n\n\n', 'stemmed comments': ['2x2', 'imag', 'colorbar', 'row', 'A', 'grid', 'each']}"
106,"{'func name': 'setup_axes3', 'comments': 'Sometimes, things like axis_direction need to be adjusted.\n\n\n', 'stemmed comments': ['sometim', 'need', 'adjust', 'like', 'thing', 'axis_direct']}"
107,"{'func name': 'curvelinear_test2', 'comments': 'Polar projection, but in a rectangular box.\n\n\n', 'stemmed comments': ['rectangular', 'box', 'polar', 'project']}"
108,"{'func name': 'annotate_axes', 'comments': '', 'stemmed comments': []}"
109,"{'func name': 'annotate_axes', 'comments': '', 'stemmed comments': []}"
110,"{'func name': 'squiggle_xy', 'comments': '', 'stemmed comments': []}"
111,"{'func name': 'main', 'comments': '', 'stemmed comments': []}"
112,"{'func name': 'test_rotation_mode', 'comments': '', 'stemmed comments': []}"
113,"{'func name': 'setup_axes', 'comments': '', 'stemmed comments': []}"
114,"{'func name': 'setup_axes', 'comments': '', 'stemmed comments': []}"
115,"{'func name': 'example_plot', 'comments': '', 'stemmed comments': []}"
116,"{'func name': '_suppress_matplotlib_deprecation_warning', 'comments': '', 'stemmed comments': []}"
117,"{'func name': 'no_internet', 'comments': 'Temporarily disables internet access (if not already disabled).\n\nIf it was already disabled before entering the context manager (i.e. `turn_off_internet` was called previously) then this is a no-op and leaves internet access disabled until a manual call to `turn_on_internet`.\n', 'stemmed comments': ['If', 'call', 'turn_off_internet', 'access', 'disabl', 'alreadi', 'context', 'turn_on_internet', 'previous', 'noop', 'manual', 'leav', 'ie', 'temporarili', 'internet', 'manag', 'enter']}"
118,"{'func name': 'dedent_interpd', 'comments': ""Dedent *func*'s docstring, then interpolate it with ``interpd``.\n\n\n"", 'stemmed comments': ['interpol', 'docstr', 'func', 's', 'dedent', 'interpd']}"
119,"{'func name': 'make_circle', 'comments': '', 'stemmed comments': []}"
120,"{'func name': 'animate', 'comments': '', 'stemmed comments': []}"
121,"{'func name': '_fontfile', 'comments': '', 'stemmed comments': []}"
122,"{'func name': 'f', 'comments': '', 'stemmed comments': []}"
123,"{'func name': 'demo', 'comments': '', 'stemmed comments': []}"
124,"{'func name': 'create_figure', 'comments': 'Creates a simple example figure.\n\n\n', 'stemmed comments': ['creat', 'exampl', 'figur', 'simpl']}"
125,"{'func name': 'make_error_boxes', 'comments': '', 'stemmed comments': []}"
126,"{'func name': 'make_plot', 'comments': '', 'stemmed comments': []}"
127,"{'func name': 'to_texstring', 'comments': '', 'stemmed comments': []}"
128,"{'func name': 'draw_control_points_for_patches', 'comments': '', 'stemmed comments': []}"
129,"{'func name': 'on_leave_figure', 'comments': '', 'stemmed comments': []}"
130,"{'func name': 'f', 'comments': '', 'stemmed comments': []}"
131,"{'func name': 'figaspect', 'comments': 'Calculate the width and height for a figure with a specified aspect ratio.\n\nWhile the height is taken from :rc:`figure.figsize`, the width is adjusted to match the desired aspect ratio. Additionally, it is ensured that the width is in the range [4., 16.] and the height is in the range [2., 16.]. If necessary, the default height is adjusted to ensure this.\n\nParameters ---------- arg : float or 2d array If a float, this defines the aspect ratio (i.e. the ratio height / width). In case of an array the aspect ratio is number of rows / number of columns, so that the array could be fitted in the figure undistorted.\n##### Returns\n* **Make a figure twice as tall as it is wide**: \n\n* **Make a figure with the proper aspect for an array**: \n\n', 'stemmed comments': ['return', 'row', 'figurefigs', 'could', 'while', 'In', 'column', 'figur', 'ensur', '4', 'adjust', 'number', 'tall', 'necessari', 'array', 'defin', 'ie', 'make', 'calcul', 'specifi', 'rang', 'arg', 'proper', 'wide', 'rc', '2', 'paramet', 'width', '/', 'twice', 'height', 'addit', '2d', 'case', 'float', 'desir', 'fit', 'ratio', '[', 'If', 'aspect', ']', 'match', 'default', 'taken', '16', 'undistort']}"
132,"{'func name': 'figure_edit', 'comments': 'Edit matplotlib figure options\n\n\n', 'stemmed comments': ['matplotlib', 'option', 'edit', 'figur']}"
133,"{'func name': 'koch_snowflake', 'comments': 'Return two lists x, y of point coordinates of the Koch snowflake.\n\nParameters ---------- order : int The recursion depth. scale : float The extent of the snowflake (edge length of the base triangle).\n', 'stemmed comments': ['base', 'return', 'the', 'x', 'coordin', 'list', 'order', 'koch', 'recurs', 'extent', 'scale', 'depth', 'paramet', 'snowflak', 'float', 'two', 'length', 'edg', 'int', 'point', 'triangl']}"
134,"{'func name': 'stack_hist', 'comments': ""Parameters ---------- ax : axes.Axes The axes to add artists too\n\nstacked_data : array or Mapping A (N, M) shaped array.\n\nThe first dimension will be iterated over to compute histograms row-wise\n\nsty_cycle : Cycler or operable of dict Style to apply to each set\n\nbottoms : array, default: 0 The initial positions of the bottoms.\n\nhist_func : callable, optional Must have signature `bin_vals, bin_edges = f(data)`. `bin_edges` expected to be one longer than `bin_vals`\n\nlabels : list of str, optional The label for each set.\n\nIf not given and stacked data is an array defaults to 'default set {n}'\n\nIf stacked_data is a mapping, and labels is None, default to the keys (which may come out in a random order).\n\nIf stacked_data is a mapping and labels is given then only the columns listed by be plotted.\n\nplot_func : callable, optional Function to call to draw the histogram must have signature:\n\nret = plot_func(ax, edges, top, bottoms=bottoms, label=label, **kwargs)\n\nplot_kwargs : dict, optional Any extra kwargs to pass through to the plotting function.\n\nThis will be the same for all calls to the plotting function and will over-ride the values in cycle.\n##### Returns\n* **arts **: dict\n    Dictionary of artists keyed on their labels\n\n"", 'stemmed comments': ['must', 'initi', 'the', 'dimens', 'data', 'dict', 'list', 'bin_val', 'key', 'appli', 'extra', 'oper', 'expect', 'stack', 'add', 'M', 'random', 'axe', 'A', 'ax', 'f', 'return', 'ani', 'plot_func', 'none', 'call', 'pass', 'longer', 'callabl', 'art', 'given', 'posit', 'stacked_data', 'signatur', 'top', '}', 'first', 'iter', 'option', 'artist', 'sty_cycl', 'If', '=', 'bottom', 'draw', 'histogram', 'label', 'function', 'comput', 'one', 'come', 'overrid', 'n', 'order', 'array', 'hist_func', 'axesax', 'cycl', 'paramet', 'label=label', 'valu', 'default', 'shape', '{', 'map', 'thi', 'bin_edg', 'str', 'may', 'plot', 'bottoms=bottom', '0', 'column', 'plot_kwarg', 'N', 'rowwis', 'cycler', 'style', 'ret', 'edg', 'set', 'dictionari', 'kwarg']}"
135,"{'func name': 'myfunc', 'comments': '', 'stemmed comments': []}"
136,"{'func name': 'svg_parse', 'comments': '', 'stemmed comments': []}"
137,"{'func name': 'floatingaxes_class_factory', 'comments': '', 'stemmed comments': []}"
138,"{'func name': '_load_fontmanager', 'comments': '', 'stemmed comments': []}"
139,"{'func name': 'draw_font_table', 'comments': ""Draw a font table of the first 255 chars of the given font.\n\nParameters ---------- path : str or None The path to the font file.\n\nIf None, use Matplotlib's default font.\n"", 'stemmed comments': ['If', 'font', 'none', 'the', 'default', 'paramet', 'use', 'char', '255', 'first', 'draw', 'str', 'tabl', 'matplotlib', 'given', 's', 'path', 'file']}"
140,"{'func name': 'generate_fontconfig_pattern', 'comments': 'Given a dictionary of key/value pairs, generates a fontconfig pattern string.\n\n\n', 'stemmed comments': ['key/valu', 'fontconfig', 'pattern', 'string', 'given', 'pair', 'dictionari', 'gener']}"
141,"{'func name': 'generate_credits', 'comments': '', 'stemmed comments': []}"
142,"{'func name': 'post_download', 'comments': 'Upload a file to the GitHub downloads area\n\n\n', 'stemmed comments': ['area', 'upload', 'download', 'github', 'file']}"
143,"{'func name': 'f', 'comments': '', 'stemmed comments': []}"
144,"{'func name': 'report', 'comments': 'Summary report about a list of issues, printing number and title.\n\n\n', 'stemmed comments': ['issu', 'summari', 'report', 'print', 'number', 'titl', 'list']}"
145,"{'func name': 'setup', 'comments': 'Install the plugin.\n\nparam app: Sphinx application context.\n', 'stemmed comments': ['applic', 'plugin', 'context', 'instal', 'sphinx', 'app', 'param']}"
146,"{'func name': 'gradient_bar', 'comments': '', 'stemmed comments': []}"
147,"{'func name': 'image_and_patch_example', 'comments': '', 'stemmed comments': []}"
148,"{'func name': '_deprecate_factor_none', 'comments': '', 'stemmed comments': []}"
149,"{'func name': 'format_axes', 'comments': '', 'stemmed comments': []}"
150,"{'func name': 'format_axes', 'comments': '', 'stemmed comments': []}"
151,"{'func name': 'squiggle_xy', 'comments': '', 'stemmed comments': []}"
152,"{'func name': 'hatches_plot', 'comments': '', 'stemmed comments': []}"
153,"{'func name': 'get_path', 'comments': 'Given a hatch specifier, *hatchpattern*, generates Path to render the hatch in a unit square.  *density* is the number of lines per unit square.\n\n\n', 'stemmed comments': ['per', 'specifi', 'hatchpattern', 'unit', 'densiti', 'number', 'line', 'given', 'squar', 'render', 'hatch', 'path', 'gener']}"
154,"{'func name': 'hinton', 'comments': 'Draw Hinton diagram for visualizing a weight matrix.\n\n\n', 'stemmed comments': ['visual', 'diagram', 'hinton', 'weight', 'draw', 'matrix']}"
155,"{'func name': 'survey', 'comments': 'Parameters ---------- results : dict A mapping from question labels to a list of answers per category. It is assumed all lists contain the same number of entries and that it matches the length of *category_names*. category_names : list of str The category labels.\n\n\n', 'stemmed comments': ['per', 'the', 'str', 'dict', 'list', 'category_nam', 'number', 'It', 'question', 'answer', 'assum', 'paramet', 'entri', 'result', 'match', 'length', 'categori', 'A', 'label', 'contain', 'map']}"
156,"{'func name': 'func', 'comments': '', 'stemmed comments': []}"
157,"{'func name': 'normal_pdf', 'comments': '', 'stemmed comments': []}"
158,"{'func name': 'format_coord', 'comments': '', 'stemmed comments': []}"
159,"{'func name': 'thumbnail', 'comments': ""Make a thumbnail of image in *infile* with output filename *thumbfile*.\n\nSee :doc:`/gallery/misc/image_thumbnail_sgskip`.\n\nParameters ---------- infile : str or file-like The image file. Matplotlib relies on Pillow_ for image reading, and thus supports a wide range of file formats, including PNG, JPG, TIFF and others.\n\n.. _Pillow: https://python-pillow.org/\n\nthumbfile : str or file-like The thumbnail filename.\n\nscale : float, default: 0.1 The scale factor for the thumbnail.\n\ninterpolation : str, default: 'bilinear' The interpolation scheme used in the resampling. See the *interpolation* parameter of `~.Axes.imshow` for possible values.\n\npreview : bool, default: False If True, the default backend (presumably a user interface backend) will be used which will cause a figure to be raised if `~matplotlib.pyplot.show` is called.\n\nIf it is False, the figure is created using `.FigureCanvasBase` and the drawing backend is selected as `.Figure.savefig` would normally do.\n##### Returns\n"", 'stemmed comments': ['~axesimshow', 'return', 'the', 'infil', 'thumbfil', 'str', 'filenam', 'preview', 'factor', 'select', 'jpg', '01', 'interpol', 'doc', 'format', 'figur', 'call', 'normal', 'reli', '//pythonpilloworg/', 'use', 'interfac', 'presum', 'make', '~matplotlibpyplotshow', 'figurecanvasbas', 'figuresavefig', '/gallery/misc/image_thumbnail_sgskip', 'filelik', 'bilinear', 'rang', 'see', 'other', 'scale', 'scheme', 'caus', 'wide', 'paramet', 'png', '_pillow', 'tiff', 'valu', 'resampl', 'bool', 'float', 'user', 'would', 'matplotlib', 'If', 'thumbnail', 'thu', 'http', 'rais', 'imag', 'default', 'creat', 'support', 'pillow_', 'includ', 'backend', 'output', 'true', 'draw', 'fals', 'read', 'file', 'possibl']}"
160,"{'func name': 'generate_imshow_demo_grid', 'comments': '', 'stemmed comments': []}"
161,"{'func name': 'add_sizebar', 'comments': '', 'stemmed comments': []}"
162,"{'func name': 'mark_inset', 'comments': 'Draw a box to mark the location of an area represented by an inset axes.\n\nThis function draws a box in *parent_axes* at the bounding box of *inset_axes*, and shows a connection with the inset axes by drawing lines at the corners, giving a ""zoomed in"" effect.\n\nParameters ---------- parent_axes : `matplotlib.axes.Axes` Axes which contains the area of the inset axes.\n\ninset_axes : `matplotlib.axes.Axes` The inset axes.\n\nloc1, loc2 : {1, 2, 3, 4} Corners to use for connecting the inset axes and the area in the parent axes.\n\n**kwargs Patch properties for the lines and box drawn:\n\n%(Patch)s\n##### Returns\n* **pp **: `matplotlib.patches.Patch`\n    The patch drawn to represent the area of the inset axes.\n\n* **p1, p2 **: `matplotlib.patches.Patch`\n    The patches connecting two corners of the inset axes and its area.\n\n', 'stemmed comments': ['thi', 'function', 'return', 'the', '%', 'line', '3', 'drawn', 'patch', 'properti', 'matplotlibpatchespatch', 'repres', '4', 'pp', 'loc2', 'inset', 'use', 'give', 'mark', 'parent_ax', 'p1', 'bound', 'zoom', 'inset_ax', 'area', 'effect', '}', 'paramet', '2', 'matplotlibaxesax', 'p2', 'show', 'loc1', 'corner', 'connect', '1', 'two', 'parent', 'box', 'contain', 'draw', 'axe', '{', 'locat', 'kwarg']}"
163,"{'func name': 'func', 'comments': '', 'stemmed comments': []}"
164,"{'func name': 'plot_angle', 'comments': '', 'stemmed comments': []}"
165,"{'func name': 'on_press', 'comments': '', 'stemmed comments': []}"
166,"{'func name': 'func3', 'comments': '', 'stemmed comments': []}"
167,"{'func name': 'bullseye_plot', 'comments': 'Bullseye representation for the left ventricle.\n\nParameters ---------- ax : axes data : list of int and float The intensity values for each of the 17 segments seg_bold : list of int, optional A list with the segments to highlight cmap : ColorMap or None, optional Optional argument to set the desired colormap norm : Normalize or None, optional Optional argument to normalize data into the [0.0, 1.0] range\n\nNotes ----- This function creates the 17 segment model for the left ventricle according to the American Heart Association (AHA) [1]_\n\nReferences ---------- .. [1] M. D. Cerqueira, N. J. Weissman, V. Dilsizian, A. K. Jacobs, S. Kaul, W. K. Laskey, D. J. Pennell, J. A. Rumberger, T. Ryan, and M. S. Verani, ""Standardized myocardial segmentation and nomenclature for tomographic imaging of the heart"", Circulation, vol. 105, no. 4, pp. 539-542, 2002.\n', 'stemmed comments': ['highlight', 'the', 'vol', 'data', 'list', 'normal', '00', '4', 'associ', 'colormap', 'ventricl', 'kaul', 'pennel', 'heart', 'cmap', 'float', ']', 'M', 'laskey', '539542', 'axe', 'A', 'seg_bold', 'ax', 'K', 'D', 'ryan', 'none', 'standard', 'jacob', 'note', 'accord', 'tomograph', 'option', '17', 'model', 'creat', 'refer', 'int', 'american', '10', 'function', 'intens', 'S', 'bullsey', 'W', 'pp', '2002', 'J', 'segment', 'paramet', 'valu', 'norm', '105', '1', 'nomenclatur', 'imag', 'myocardi', 'verani', 'rumberg', 'thi', '_', 'aha', 'represent', 'left', 'N', 'rang', 'circul', 'V', 'cerqueira', 'desir', '[', 'argument', 'dilsizian', 'set', 'T', 'weissman']}"
168,"{'func name': 'update_from_first_child', 'comments': '', 'stemmed comments': []}"
169,"{'func name': 'on_pick', 'comments': '', 'stemmed comments': []}"
170,"{'func name': '_parse_legend_args', 'comments': 'Get the handles and labels from the calls to either ``figure.legend`` or ``axes.legend``.\n\n``axs`` is a list of axes (to get legend artists from)\n', 'stemmed comments': ['get', 'call', 'ax', 'axeslegend', 'handl', 'figurelegend', 'axe', 'either', 'label', 'legend', 'list', 'artist']}"
171,"{'func name': 'currency', 'comments': 'The two args are the value and tick position\n\n\n', 'stemmed comments': ['two', 'arg', 'the', 'valu', 'posit', 'tick']}"
172,"{'func name': '_mark_every_path', 'comments': 'Helper function that sorts out how to deal the input `markevery` and returns the points where markers should be drawn.\n\nTakes in the `markevery` value and the line path and returns the sub-sampled path.\n', 'stemmed comments': ['function', 'input', 'deal', 'return', 'subsampl', 'sort', 'marker', 'helper', 'line', 'drawn', 'point', 'valu', 'path', 'take', 'markeveri']}"
173,"{'func name': 'plot_linestyles', 'comments': '', 'stemmed comments': []}"
174,"{'func name': 'make_logo', 'comments': ""Create a full figure with the Matplotlib logo.\n\nParameters ---------- height_px : int Height of the figure in pixel. lw_bars : float The linewidth of the bar border. lw_grid : float The linewidth of the grid. lw_border : float The linewidth of icon border. rgrid : sequence of float The radial grid positions. with_text : bool Whether to draw only the icon or to include 'matplotlib' as text.\n"", 'stemmed comments': ['linewidth', 'the', 'lw_bar', 'figur', 'pixel', 'icon', 'logo', 'posit', 'height_px', 'whether', 'text', 'paramet', 'rgrid', 'radial', 'height', 'grid', 'sequenc', 'bool', 'full', 'float', 'border', 'lw_border', 'creat', 'with_text', 'bar', 'includ', 'draw', 'int', 'matplotlib', 'lw_grid']}"
175,"{'func name': 'lorenz', 'comments': ""Given: x, y, z: a point of interest in three dimensional space s, r, b: parameters defining the lorenz attractor Returns: x_dot, y_dot, z_dot: values of the lorenz attractor's partial derivatives at the point x, y, z\n\n\n"", 'stemmed comments': ['return', 'x_dot', 'interest', 'b', 'x', 'partial', 's', 'lorenz', 'space', 'defin', 'given', 'three', 'paramet', 'dimension', 'z_dot', 'valu', 'deriv', 'r', 'z', 'attractor', 'point', 'y_dot']}"
176,"{'func name': 'make_icons', 'comments': '', 'stemmed comments': []}"
177,"{'func name': 'mandelbrot_set', 'comments': '', 'stemmed comments': []}"
178,"{'func name': 'split_list', 'comments': '', 'stemmed comments': []}"
179,"{'func name': 'trim_axs', 'comments': 'Reduce *axs* to *N* Axes. All further Axes are removed from the figure.\n\n\n', 'stemmed comments': ['remov', 'figur', 'ax', 'reduc', 'all', 'axe', 'N']}"
180,"{'func name': 'setup', 'comments': '', 'stemmed comments': []}"
181,"{'func name': 'setup', 'comments': '', 'stemmed comments': []}"
182,"{'func name': 'doall', 'comments': '', 'stemmed comments': []}"
183,"{'func name': 'mathtext_to_wxbitmap', 'comments': '', 'stemmed comments': []}"
184,"{'func name': 'math_to_image', 'comments': ""Given a math expression, renders it in a closely-clipped bounding box to an image file.\n\nParameters ---------- s : str A math expression.\n\nThe math portion must be enclosed in dollar signs. filename_or_obj : str or path-like or file-like Where to write the image data. prop : `.FontProperties`, optional The size and style of the text. dpi : float, optional The output dpi.\n\nIf not set, the dpi is determined as for `.Figure.savefig`. format : str, optional The output format, e.g., 'svg', 'pdf', 'ps' or 'png'.\n\nIf not set, the format is determined as for `.Figure.savefig`.\n"", 'stemmed comments': ['must', 'the', 'fontproperti', 'str', 'size', 'data', 'prop', 'svg', 'express', 'dollar', 'format', 'write', 'portion', 'filename_or_obj', 'bound', 'given', 'ps', 'figuresavefig', 'filelik', 'pdf', 'text', 'paramet', 'where', 'png', 'dpi', 'option', 'float', 'pathlik', 'style', 'sign', 'If', 'imag', 'box', 'eg', 'math', 'determin', 'A', 'output', 'closelyclip', 'render', 'set', 'enclos', 'file']}"
185,"{'func name': 'run_memleak_test', 'comments': '', 'stemmed comments': []}"
186,"{'func name': 'setup', 'comments': '', 'stemmed comments': []}"
187,"{'func name': 'f', 'comments': '', 'stemmed comments': []}"
188,"{'func name': 'cohere', 'comments': 'The coherence between *x* and *y*.  Coherence is the normalized cross spectral density\n\n.. math::\n\nC_{xy} = \\frac{|P_{xy}|^2},{P_{xx}P_{yy}}\n\nParameters ---------- x, y Array or sequence containing the data\n\n%(Spectral)s\n\n%(PSD)s\n\nnoverlap : int The number of points of overlap between blocks.\n\nThe default value is 0 (no overlap).\n##### Returns\n* **Cxy **: 1-D array\n    The coherence vector.\n\n* **freqs **: 1-D array\n        The frequencies for the elements in *Cxy*.\n\n* ****: func\n\n', 'stemmed comments': ['return', 'the', 'overlap', 'C_', 'vector', 'x', 'spectral', '%', 'coher', 'frequenc', 'xx', 'data', 'psd', '0', 'block', 'normal', 'densiti', 'number', 'cross', '1D', 'array', 'freq', 'noverlap', '}', 'paramet', 'valu', 'sequenc', 'xy', '=', 'default', 'P_', 'cxi', 'math', '\\frac', 'int', 'yy', 'element', '{', '|p_', 'point', 'func', 'contain', '|^2']}"
189,"{'func name': 'setup', 'comments': '', 'stemmed comments': []}"
190,"{'func name': 'identify_axes', 'comments': 'Helper to identify the Axes in the examples below.\n\nDraws the label in a large font in the center of the Axes.\n\nParameters ---------- ax_dict : Dict[str, Axes] Mapping between the title / label and the Axes.\n\nfontsize : int, optional How big the label should be\n', 'stemmed comments': ['ax_dict', 'fontsiz', 'helper', 'str', 'dict', 'center', 'identifi', 'paramet', '/', 'larg', 'option', '[', 'font', ']', 'how', 'draw', 'axe', 'exampl', 'int', 'titl', 'big', 'label', 'map']}"
191,"{'func name': 'main', 'comments': '', 'stemmed comments': []}"
192,"{'func name': 'update', 'comments': '', 'stemmed comments': []}"
193,"{'func name': 'make_patch_spines_invisible', 'comments': '', 'stemmed comments': []}"
194,"{'func name': 'main', 'comments': '', 'stemmed comments': []}"
195,"{'func name': 'plot_colortable', 'comments': '', 'stemmed comments': []}"
196,"{'func name': '_get_aligned_offsets', 'comments': ""Given a list of (height, descent) of each boxes, align the boxes with *align* and calculate the y-offsets of each boxes. total width and the offset positions of each items according to *mode*. xdescent is analogous to the usual descent, but along the x-direction. xdescent values are currently ignored.\n\nParameters ---------- hd_list List of (height, xdescent) of boxes to be aligned. height : float or None Intended total length. If None, the maximum of the heights in *hd_list* is used. align : {'baseline', 'left', 'top', 'right', 'bottom', 'center'} Align mode.\n"", 'stemmed comments': ['analog', 'total', 'along', 'usual', 'list', 'yoffset', 'item', 'none', 'use', 'ignor', 'left', 'intend', 'center', 'hd_list', 'given', 'posit', 'offset', 'baselin', 'calcul', 'top', '}', 'paramet', 'width', 'height', 'accord', 'valu', 'xdescent', 'float', 'If', 'maximum', 'mode', 'right', 'length', 'box', 'align', 'xdirect', 'bottom', '{', 'descent', 'current']}"
197,"{'func name': 'host_subplot', 'comments': 'Create a subplot that can act as a host to parasitic axes.\n\nParameters ---------- figure : `matplotlib.figure.Figure` Figure to which the subplot will be added. Defaults to the current figure `.pyplot.gcf()`.\n\n*args, **kwargs Will be passed on to the underlying ``Axes`` object creation.\n', 'stemmed comments': ['pyplotgcf', 'current', 'underli', 'figur', 'creation', 'pass', 'ad', 'act', 'object', 'parasit', 'arg', 'paramet', 'will', 'subplot', 'matplotlibfigurefigur', 'creat', 'default', 'axe', 'host', 'kwarg']}"
198,"{'func name': '_point_along_a_line', 'comments': 'Return the point on the line connecting (*x0*, *y0*) -- (*x1*, *y1*) whose distance from (*x0*, *y0*) is *d*.\n\n\n', 'stemmed comments': ['x0', 'return', 'y0', 'distanc', 'line', 'whose', 'x1', 'point', 'y1', 'connect']}"
199,"{'func name': 'get_path_collection_extents', 'comments': 'Given a sequence of `Path`\\s, `~.Transform`\\s objects, and offsets, as found in a `~.PathCollection`, returns the bounding box that encapsulates all of them.\n\nParameters ---------- master_transform : `~.Transform` Global transformation applied to all paths. paths : list of `Path` transforms : list of `~.Affine2D` offsets : (N, 2) array-like offset_transform : `~.Affine2D` Transform applied to the offsets before offsetting the path.\n\nNotes ----- The way that *paths*, *transforms* and *offsets* are combined follows the same method as for collections:\n\nEach is iterated over independently, so if you have 3 paths, 2 transforms and 1 offset, their combinations are as follows:\n\n(A, A, A), (B, B, A), (C, A, A)\n', 'stemmed comments': ['~pathcollect', 'return', 'the', '3', 'C', 'method', 'list', 'transform', 'each', 'appli', '\\s', 'independ', 'bound', 'given', 'object', 'N', 'global', 'offset', 'paramet', '2', 'offset_transform', 'note', 'iter', 'B', 'arraylik', 'sequenc', 'follow', '1', 'master_transform', 'encapsul', 'combin', 'box', '~transform', 'way', 'found', 'collect', 'A', 'path', '~affine2d']}"
200,"{'func name': '_subclass_with_normal', 'comments': 'Create a PathEffect class combining *effect_class* and a normal draw.\n\n\n', 'stemmed comments': ['effect_class', 'normal', 'combin', 'creat', 'draw', 'patheffect', 'class']}"
201,"{'func name': 'text3d', 'comments': ""Plots the string 's' on the axes 'ax', with position 'xyz', size 'size', and rotation angle 'angle'.  'zdir' gives the axis which is to be treated as the third dimension.  usetex is a boolean indicating whether the string should be interpreted as latex or not.  Any additional keyword arguments are passed on to transform_path.\n\nNote: zdir affects the interpretation of xyz.\n"", 'stemmed comments': ['interpret', 'ax', 'usetex', 'ani', 'dimens', 'size', 's', 'plot', 'axi', 'pass', 'give', 'angl', 'posit', 'treat', 'whether', 'affect', 'transform_path', 'zdir', 'boolean', 'note', 'addit', 'indic', 'keyword', 'xyz', 'rotat', 'third', 'argument', 'axe', 'latex', 'string']}"
202,"{'func name': '_annotate', 'comments': '', 'stemmed comments': []}"
203,"{'func name': 'pick_image', 'comments': '', 'stemmed comments': []}"
204,"{'func name': 'onpick', 'comments': '', 'stemmed comments': []}"
205,"{'func name': 'func', 'comments': '', 'stemmed comments': []}"
206,"{'func name': 'run', 'comments': '', 'stemmed comments': []}"
207,"{'func name': '_is_full_circle_rad', 'comments': 'Determine if a wedge (in radians) spans the full circle.\n\nThe condition is derived from :class:`~matplotlib.patches.Wedge`.\n', 'stemmed comments': ['condit', 'span', 'wedg', 'circl', 'deriv', 'the', '~matplotlibpatcheswedg', 'determin', 'full', 'radian', 'class']}"
208,"{'func name': 'dist_point_to_segment', 'comments': 'Get the distance of a point to a segment. *p*, *s0*, *s1* are *xy* sequences This algorithm from http://geomalgorithms.com/a02-_lines.html\n\n\n', 'stemmed comments': ['get', 'thi', 'http', 'segment', 'xy', 'distanc', 'algorithm', 'point', '//geomalgorithmscom/a02_lineshtml', 'sequenc', 's1', 's0', 'p']}"
209,"{'func name': 'polygon_under_graph', 'comments': 'Construct the vertex list which defines the polygon filling the space under the (xlist, ylist) line graph.  Assumes the xs are in ascending order.\n\n\n', 'stemmed comments': ['xlist', 'vertex', 'fill', 'defin', 'assum', 'xs', 'order', 'construct', 'line', 'ascend', 'space', 'polygon', 'ylist', 'list', 'graph']}"
210,"{'func name': 'start_anim', 'comments': '', 'stemmed comments': []}"
211,"{'func name': 'rot_x', 'comments': '', 'stemmed comments': []}"
212,"{'func name': 'update', 'comments': '', 'stemmed comments': []}"
213,"{'func name': 'f', 'comments': '', 'stemmed comments': []}"
214,"{'func name': 'f', 'comments': '', 'stemmed comments': []}"
215,"{'func name': 'nipy_spectral', 'comments': '', 'stemmed comments': []}"
216,"{'func name': '_setDevicePixelRatioF', 'comments': 'Call obj.setDevicePixelRatioF(val) with graceful fallback for older Qt.\n\nThis can be replaced by the direct call when we require Qt>=5.6.\n', 'stemmed comments': ['thi', 'call', 'requir', 'direct', 'older', 'grace', 'val', 'Qt', '=56', 'objsetdevicepixelratiof', 'fallback', 'replac', '>']}"
217,"{'func name': '_check_consistent_shapes', 'comments': '', 'stemmed comments': []}"
218,"{'func name': 'example_data', 'comments': '', 'stemmed comments': []}"
219,"{'func name': 'stylefunc', 'comments': '', 'stemmed comments': []}"
220,"{'func name': 'update', 'comments': '', 'stemmed comments': []}"
221,"{'func name': 'rainbow_text', 'comments': ""Take a list of *strings* and *colors* and place them next to each other, with text strings[i] being shown in colors[i].\n\nParameters ---------- x, y : float Text position in data coordinates. strings : list of str The strings to draw. colors : list of color The colors to use. orientation : {'horizontal', 'vertical'} ax : Axes, optional The Axes to draw into. If None, the current axes will be used. **kwargs All other keyword arguments are passed to plt.text(), so you can set the font size, family, etc.\n"", 'stemmed comments': ['ax', 'the', 'color', 'x', 'str', 'size', 'coordin', 'data', 'list', 'none', 'pass', 'use', 'horizont', 'place', 'posit', 'orient', 'plttext', 'text', '}', 'paramet', 'vertic', 'shown', 'option', 'take', 'float', '[', 'If', 'keyword', 'font', ']', 'all', 'argument', 'draw', 'axe', 'famili', 'set', 'next', '{', 'string', 'kwarg', 'current', 'etc']}"
222,"{'func name': 'update_lines', 'comments': '', 'stemmed comments': []}"
223,"{'func name': 'range6', 'comments': 'The function that should be executed.\n\n\n', 'stemmed comments': ['execut', 'the', 'function']}"
224,"{'func name': '_convert_validator_spec', 'comments': '', 'stemmed comments': []}"
225,"{'func name': 'toggle_selector', 'comments': '', 'stemmed comments': []}"
226,"{'func name': 'main', 'comments': '', 'stemmed comments': []}"
227,"{'func name': 'corner', 'comments': 'Generate a corner link.\n\n\n', 'stemmed comments': ['corner', 'gener', 'link']}"
228,"{'func name': '_get_scale_docs', 'comments': 'Helper function for generating docstrings related to scales.\n\n\n', 'stemmed comments': ['function', 'docstr', 'scale', 'helper', 'relat', 'gener']}"
229,"{'func name': 'inverse', 'comments': '', 'stemmed comments': []}"
230,"{'func name': 'scatter_hist', 'comments': '', 'stemmed comments': []}"
231,"{'func name': 'randrange', 'comments': 'Helper function to make an array of random numbers having shape (n, ) with each number distributed Uniform(vmin, vmax).\n\n\n', 'stemmed comments': ['function', 'vmax', 'distribut', 'shape', 'vmin', 'array', 'n', 'random', 'helper', 'number', 'uniform', 'make']}"
232,"{'func name': 'anomaly_to_celsius', 'comments': '', 'stemmed comments': []}"
233,"{'func name': 'has_flag', 'comments': 'Return whether a flag name is supported on the specified compiler.\n\n\n', 'stemmed comments': ['whether', 'specifi', 'return', 'support', 'compil', 'flag', 'name']}"
234,"{'func name': 'add_qhull_flags', 'comments': '', 'stemmed comments': []}"
235,"{'func name': 'compare', 'comments': '', 'stemmed comments': []}"
236,"{'func name': 'draw_sizebar', 'comments': 'Draw a horizontal bar with length of 0.1 in data coordinates, with a fixed label underneath.\n\n\n', 'stemmed comments': ['01', 'label', 'length', 'underneath', 'bar', 'draw', 'horizont', 'coordin', 'fix', 'data']}"
237,"{'func name': 'animate', 'comments': '', 'stemmed comments': []}"
238,"{'func name': 'setup_axes', 'comments': '', 'stemmed comments': []}"
239,"{'func name': 'ann', 'comments': '', 'stemmed comments': []}"
240,"{'func name': 'setup', 'comments': '', 'stemmed comments': []}"
241,"{'func name': 'colorfunc', 'comments': '', 'stemmed comments': []}"
242,"{'func name': 'onselect', 'comments': '', 'stemmed comments': []}"
243,"{'func name': 'adjust_spines', 'comments': '', 'stemmed comments': []}"
244,"{'func name': 'gaussian_mixture', 'comments': 'Return a random mixture of *n* Gaussians, evaluated at positions *x*.\n\n\n', 'stemmed comments': ['return', 'n', 'random', 'x', 'evalu', 'mixtur', 'posit', 'gaussian']}"
245,"{'func name': 'stackplot', 'comments': ""Draw a stacked area plot.\n\nParameters ---------- x : 1d array of dimension N\n\ny : 2d array (dimension MxN), or sequence of 1d arrays (each dimension 1xN)\n\nThe data is assumed to be unstacked. Each of the following calls is legal::\n\nstackplot(x, y)\n\n\n\n\n\n\n\n\n\n\n\n\n\n # where y is MxN stackplot(x, y1, y2, y3, y4)\n\n# where y1, y2, y3, y4, are all 1xNm\n\nbaseline : {'zero', 'sym', 'wiggle', 'weighted_wiggle'} Method used to calculate the baseline:\n\n- ``'zero'``: Constant zero baseline, i.e. a simple stacked plot.\n\n- ``'sym'``:\n\nSymmetric around zero and is sometimes called 'ThemeRiver'.\n\n- ``'wiggle'``: Minimizes the sum of the squared slopes.\n\n- ``'weighted_wiggle'``: Does the same but weights to account for size of each layer. It is also called 'Streamgraph'-layout. More details can be found at http://leebyron.com/streamgraph/.\n\nlabels : Length N sequence of strings Labels to assign to each data series.\n\ncolors : Length N sequence of colors A list or tuple of colors. These will be cycled through and used to colour the stacked areas.\n\n**kwargs All other keyword arguments are passed to `.Axes.fill_between`.\n##### Returns\n"", 'stemmed comments': ['the', 'dimens', 'data', 'method', 'list', 'sometim', 'unstack', 'It', 'squar', 'stack', '1d', '1xn', 'tupl', 'zero', '2d', 'wiggl', 'length', 'weight', 'A', 'string', 'these', 'stackplot', 'return', 'x', 'each', 'call', 'pass', 'use', 'sym', 'y1', 'baselin', 'assum', '}', 'more', 'detail', 'draw', 'weighted_wiggl', 'label', 'colour', 'slope', 'mxn', 'array', 'ie', 'streamgraphlayout', 'calcul', 'cycl', 'paramet', '1xnm', 'follow', 'around', 'seri', 'layer', 'symmetr', 'doe', '{', 'account', 'simpl', 'found', 'axesfill_between', 'also', 'legal', '//leebyroncom/streamgraph/', 'color', 'size', 'plot', 'minim', 'assign', 'N', 'area', 'y2', 'y4', 'constant', 'sequenc', 'keyword', 'http', 'themeriv', 'sum', 'all', 'argument', 'y3', 'kwarg']}"
246,"{'func name': '_gen_starting_points', 'comments': 'Yield starting points for streamlines.\n\nTrying points on the boundary first gives higher quality streamlines. This algorithm starts with a point on the mask corner and spirals inward. This algorithm is inefficient, but fast compared to rest of streamplot.\n', 'stemmed comments': ['thi', 'start', 'yield', 'higher', 'give', 'compar', 'boundari', 'ineffici', 'first', 'rest', 'tri', 'inward', 'mask', 'spiral', 'corner', 'streamlin', 'fast', 'algorithm', 'point', 'qualiti', 'streamplot']}"
247,"{'func name': 'emitter', 'comments': 'Return a random value in [0, 1) with probability p, else 0.\n\n\n', 'stemmed comments': ['[', '1', 'return', 'p', 'probabl', 'els', 'random', 'valu', '0']}"
248,"{'func name': 'plot_figure', 'comments': 'Setup and plot the demonstration figure with a given style.\n\n\n', 'stemmed comments': ['style', 'figur', 'demonstr', 'given', 'plot', 'setup']}"
249,"{'func name': 'main', 'comments': '', 'stemmed comments': []}"
250,"{'func name': 'table', 'comments': ""Add a table to an `~.axes.Axes`.\n\nAt least one of *cellText* or *cellColours* must be specified. These parameters must be 2D lists, in which the outer lists define the rows and the inner list define the column values per row. Each row must have the same number of elements.\n\nThe table can optionally have row and column headers, which are configured using *rowLabels*, *rowColours*, *rowLoc* and *colLabels*, *colColours*, *colLoc* respectively.\n\nFor finer grained control over tables, use the `.Table` class and add it to the axes with `.Axes.add_table`.\n\nParameters ---------- cellText : 2D list of str, optional The texts to place into the table cells.\n\n*Note*: Line breaks in the strings are currently not accounted for and will result in the text exceeding the cell boundaries.\n\ncellColours : 2D list of colors, optional The background colors of the cells.\n\ncellLoc : {'left', 'center', 'right'}, default: 'right' The alignment of the text within the cells.\n\ncolWidths : list of float, optional The column widths in units of the axes. If not given, all columns will have a width of *1 / ncols*.\n\nrowLabels : list of str, optional The text of the row header cells.\n\nrowColours : list of colors, optional The colors of the row header cells.\n\nrowLoc : {'left', 'center', 'right'}, default: 'left' The text alignment of the row header cells.\n\ncolLabels : list of str, optional The text of the column header cells.\n\ncolColours : list of colors, optional The colors of the column header cells.\n\ncolLoc : {'left', 'center', 'right'}, default: 'left' The text alignment of the column header cells.\n\nloc : str, optional The position of the cell with respect to *ax*. This must be one of the `~.Table.codes`.\n\nbbox : `.Bbox`, optional A bounding box to draw the table into. If this is not *None*, this overrides *loc*.\n\nedges : substring of 'BRTL' or {'open', 'closed', 'horizontal', 'vertical'} The cell edges to be drawn with a line. See also `~.Cell.visible_edges`.\n##### Returns\n"", 'stemmed comments': ['must', 'the', 'rowcolour', 'list', 'horizont', 'for', 'defin', '~tablecod', '2D', 'loc', 'respect', 'boundari', 'open', 'celltext', 'float', 'colloc', 'add', 'At', 'axe', 'A', 'close', 'string', 'these', 'ax', 'return', 'finer', 'row', 'axesadd_t', 'line', 'drawn', 'least', 'rowloc', 'each', 'control', 'none', 'use', 'inner', 'number', 'center', 'given', 'posit', 'grain', 'within', 'specifi', 'text', '}', '/', 'rowlabel', 'note', 'cellcolour', 'option', 'If', 'configur', 'substr', 'draw', '~axesax', 'element', 'per', 'colwidth', 'one', 'break', 'overrid', 'outer', 'bound', 'paramet', 'vertic', 'valu', 'collabel', 'class', '1', 'ncol', 'result', 'right', 'default', 'background', 'account', '{', 'brtl', 'also', 'thi', 'color', 'str', 'header', 'cellloc', 'exceed', 'column', '~cellvisible_edg', 'unit', 'left', 'place', 'colcolour', 'see', 'width', 'cell', 'align', 'bbox', 'box', 'edg', 'tabl', 'current']}"
251,"{'func name': 'test_malformed_header', 'comments': '', 'stemmed comments': []}"
252,"{'func name': 'test_agg_filter_alpha', 'comments': '', 'stemmed comments': []}"
253,"{'func name': 'test_pil_kwargs_tiff', 'comments': '', 'stemmed comments': []}"
254,"{'func name': 'test_funcanimation_cache_frame_data', 'comments': '', 'stemmed comments': []}"
255,"{'func name': 'test_invalid_intersection', 'comments': '', 'stemmed comments': []}"
256,"{'func name': 'test_artist_inspector_get_aliases', 'comments': '', 'stemmed comments': []}"
257,"{'func name': 'test_imagegrid', 'comments': '', 'stemmed comments': []}"
258,"{'func name': 'test_axes_class_tuple', 'comments': '', 'stemmed comments': []}"
259,"{'func name': 'test_relative_ticklabel_sizes', 'comments': '', 'stemmed comments': []}"
260,"{'func name': 'test_formatters', 'comments': '', 'stemmed comments': []}"
261,"{'func name': 'test_axis_artist', 'comments': '', 'stemmed comments': []}"
262,"{'func name': 'test_ParasiteAxesAuxTrans', 'comments': '', 'stemmed comments': []}"
263,"{'func name': 'test_clip_path', 'comments': '', 'stemmed comments': []}"
264,"{'func name': 'test_curvelinear4', 'comments': '', 'stemmed comments': []}"
265,"{'func name': 'test_pretty_print_format', 'comments': '', 'stemmed comments': []}"
266,"{'func name': 'test_axis_direction', 'comments': '', 'stemmed comments': []}"
267,"{'func name': 'test_interactive_zoom', 'comments': '', 'stemmed comments': []}"
268,"{'func name': 'test_patch_alpha_coloring', 'comments': 'Test checks that the patch and collection are rendered with the specified alpha values in their facecolor and edgecolor.\n\n\n', 'stemmed comments': ['test', 'specifi', 'alpha', 'facecolor', 'collect', 'patch', 'edgecolor', 'check', 'valu', 'render']}"
269,"{'func name': 'test_ipynb', 'comments': '', 'stemmed comments': []}"
270,"{'func name': 'test_empty_rasterized', 'comments': '', 'stemmed comments': []}"
271,"{'func name': 'test_bbox_inches_tight', 'comments': '', 'stemmed comments': []}"
272,"{'func name': 'test_partial_usetex', 'comments': '', 'stemmed comments': []}"
273,"{'func name': 'test_canvas_reinit', 'comments': '', 'stemmed comments': []}"
274,"{'func name': 'test_svg_metadata', 'comments': '', 'stemmed comments': []}"
275,"{'func name': 'test_blit', 'comments': '', 'stemmed comments': []}"
276,"{'func name': 'test_format_shortcut', 'comments': '', 'stemmed comments': []}"
277,"{'func name': 'test_webagg_fallback', 'comments': '', 'stemmed comments': []}"
278,"{'func name': 'test_webagg', 'comments': '', 'stemmed comments': []}"
279,"{'func name': 'test_lazy_imports', 'comments': '', 'stemmed comments': []}"
280,"{'func name': 'test_noop_tight_bbox', 'comments': '', 'stemmed comments': []}"
281,"{'func name': 'test_overriding_units_in_plot', 'comments': '', 'stemmed comments': []}"
282,"{'func name': 'test_setattr_cm', 'comments': '', 'stemmed comments': []}"
283,"{'func name': 'test_quadmesh_set_array', 'comments': '', 'stemmed comments': []}"
284,"{'func name': 'test_colorbar_int', 'comments': '', 'stemmed comments': []}"
285,"{'func name': 'test_repr_html', 'comments': '', 'stemmed comments': []}"
286,"{'func name': 'test_image_comparison_expect_rms', 'comments': 'Compare two images, expecting a particular RMS error.\n\nim1 and im2 are filenames relative to the baseline_dir directory.\n\ntol is the tolerance to pass to compare_images.\n\nexpect_rms is the expected RMS value, or None. If None, the test will succeed if compare_images succeeds. Otherwise, the test will succeed if compare_images fails and returns an RMS error almost equal to this value.\n', 'stemmed comments': ['return', 'im1', 'baseline_dir', 'filenam', 'rel', 'expect_rm', 'tol', 'none', 'pass', 'succe', 'toler', 'otherwis', 'compare_imag', 'particular', 'directori', 'fail', 'error', 'compar', 'expect', 'almost', 'valu', 'If', 'two', 'test', 'imag', 'im2', 'succeed', 'rm', 'equal']}"
287,"{'func name': 'test_hidden_axes', 'comments': '', 'stemmed comments': []}"
288,"{'func name': 'test_errorbar_remove', 'comments': '', 'stemmed comments': []}"
289,"{'func name': 'test_contour_linewidth', 'comments': '', 'stemmed comments': []}"
290,"{'func name': 'test_invalid_input_forms', 'comments': '', 'stemmed comments': []}"
291,"{'func name': 'test_change_interval_multiples', 'comments': '', 'stemmed comments': []}"
292,"{'func name': 'test_determinism_source_date_epoch', 'comments': 'Test SOURCE_DATE_EPOCH support. Output a document with the environment variable SOURCE_DATE_EPOCH set to 2000-01-01 00:00 UTC and check that the document contains the timestamp that corresponds to this date (given as an argument).\n\nParameters ---------- fmt : {""pdf"", ""ps"", ""svg""} Output format. string : bytes Timestamp string for 2000-01-01 00:00 UTC.\n', 'stemmed comments': ['document', 'check', 'svg', 'format', 'correspond', '0000', '20000101', 'given', 'ps', 'fmt', 'pdf', '}', 'paramet', 'string', 'test', 'timestamp', 'byte', 'utc', 'argument', 'support', 'variabl', 'date', 'output', 'source_date_epoch', 'set', 'environ', '{', 'contain']}"
293,"{'func name': 'test_dviread', 'comments': '', 'stemmed comments': []}"
294,"{'func name': 'test_reused_gridspec', 'comments': 'Test that these all use the same gridspec\n\n\n', 'stemmed comments': ['test', 'use', 'gridspec']}"
295,"{'func name': 'test_fork', 'comments': '', 'stemmed comments': []}"
296,"{'func name': 'test_fontconfig_str', 'comments': 'Test FontProperties string conversions for correctness.\n\n\n', 'stemmed comments': ['convers', 'test', 'fontproperti', 'string', 'correct']}"
297,"{'func name': 'test_repr', 'comments': '', 'stemmed comments': []}"
298,"{'func name': 'test_exact_vmin', 'comments': '', 'stemmed comments': []}"
299,"{'func name': 'test_no_warn_big_data_when_loc_specified', 'comments': '', 'stemmed comments': []}"
300,"{'func name': 'test_odd_dashes', 'comments': '', 'stemmed comments': []}"
301,"{'func name': 'test_marker_clipping', 'comments': '', 'stemmed comments': []}"
302,"{'func name': 'test_mathtext_to_png', 'comments': '', 'stemmed comments': []}"
303,"{'func name': 'test_use_doc_standard_backends', 'comments': 'Test that the standard backends mentioned in the docstring of matplotlib.use() are the same as in matplotlib.rcsetup.\n\n\n', 'stemmed comments': ['mention', 'test', 'docstr', 'standard', 'matplotlibus', 'backend', 'matplotlibrcsetup']}"
304,"{'func name': 'test_psd_oversampling', 'comments': 'Test the case len(x) < NFFT for psd().\n\n\n', 'stemmed comments': ['len', 'nfft', 'psd', 'test', '<', 'x', 'case']}"
305,"{'func name': 'test_equal_box_aspect', 'comments': '', 'stemmed comments': []}"
306,"{'func name': 'test_annotationbbox_extents', 'comments': '', 'stemmed comments': []}"
307,"{'func name': 'test_rotated_arcs', 'comments': '', 'stemmed comments': []}"
308,"{'func name': 'test_intersect_zero_length_segment', 'comments': '', 'stemmed comments': []}"
309,"{'func name': 'test_collection', 'comments': '', 'stemmed comments': []}"
310,"{'func name': 'test_unpickle_canvas', 'comments': '', 'stemmed comments': []}"
311,"{'func name': 'test_truncated_buffer', 'comments': '', 'stemmed comments': []}"
312,"{'func name': 'test_thetalim_valid_invalid', 'comments': '', 'stemmed comments': []}"
313,"{'func name': 'test_docstring_addition', 'comments': '', 'stemmed comments': []}"
314,"{'func name': 'test_nrows_error', 'comments': '', 'stemmed comments': []}"
315,"{'func name': 'test_quiver_setuvc_numbers', 'comments': 'Check that it is possible to set all arrow UVC to the same numbers\n\n\n', 'stemmed comments': ['uvc', 'number', 'set', 'check', 'arrow', 'possibl']}"
316,"{'func name': 'test_backend_fallback_headful', 'comments': '', 'stemmed comments': []}"
317,"{'func name': 'test_label', 'comments': '', 'stemmed comments': []}"
318,"{'func name': 'test_function_scale', 'comments': '', 'stemmed comments': []}"
319,"{'func name': 'test_clipping_full', 'comments': '', 'stemmed comments': []}"
320,"{'func name': 'test_skew_rectangle', 'comments': '', 'stemmed comments': []}"
321,"{'func name': 'test_tinypages', 'comments': '', 'stemmed comments': []}"
322,"{'func name': 'test_label_without_ticks', 'comments': '', 'stemmed comments': []}"
323,"{'func name': 'test_streamplot_limits', 'comments': '', 'stemmed comments': []}"
324,"{'func name': 'test_xkcd_cm', 'comments': '', 'stemmed comments': []}"
325,"{'func name': 'test_dont_mutate_kwargs', 'comments': '', 'stemmed comments': []}"
326,"{'func name': 'test_table_cells', 'comments': '', 'stemmed comments': []}"
327,"{'func name': 'test_wrap_failure', 'comments': '', 'stemmed comments': []}"
328,"{'func name': 'test_fontconfig_preamble', 'comments': 'Test that the preamble is included in _fontconfig\n\n\n', 'stemmed comments': ['includ', 'test', '_fontconfig', 'preambl']}"
329,"{'func name': 'test_fontproperties_kwarg_precedence', 'comments': 'Test that kwargs take precedence over fontproperties defaults.\n\n\n', 'stemmed comments': ['test', 'default', 'fontproperti', 'preced', 'take', 'kwarg']}"
330,"{'func name': 'test_bad_locator_subs', 'comments': '', 'stemmed comments': []}"
331,"{'func name': 'test_non_agg_renderer', 'comments': '', 'stemmed comments': []}"
332,"{'func name': 'test_lockable_bbox', 'comments': '', 'stemmed comments': []}"
333,"{'func name': 'test_tricontour_non_finite_z', 'comments': '', 'stemmed comments': []}"
334,"{'func name': 'test_truetype_conversion', 'comments': '', 'stemmed comments': []}"
335,"{'func name': 'test_Type1Font', 'comments': '', 'stemmed comments': []}"
336,"{'func name': 'test_subclass', 'comments': '', 'stemmed comments': []}"
337,"{'func name': 'test_textcomp_full', 'comments': '', 'stemmed comments': []}"
338,"{'func name': 'test_polygon_selector', 'comments': '', 'stemmed comments': []}"
339,"{'func name': 'formatoddticks', 'comments': 'Format odd tick positions.\n\n\n', 'stemmed comments': ['posit', 'odd', 'format', 'tick']}"
340,"{'func name': 'addtext', 'comments': '', 'stemmed comments': []}"
341,"{'func name': '_get_textbox', 'comments': 'Calculate the bounding box of the text. Unlike :meth:`matplotlib.text.Text.get_extents` method, The bbox size of the text before the rotation is calculated.\n\n\n', 'stemmed comments': ['calcul', 'meth', 'text', 'box', 'unlik', 'the', 'bbox', 'rotat', 'bound', 'size', 'method', 'matplotlibtexttextget_ext']}"
342,"{'func name': 'submit', 'comments': 'Update the plotted function to the new math *expression*.\n\n*expression* is a string using ""t"" as its independent variable, e.g. ""t ** 3"".\n', 'stemmed comments': ['function', 'express', 'updat', 'use', 'independ', 'eg', 'math', 'variabl', '3', 'new', 'string', 'plot']}"
343,"{'func name': 'format_fn', 'comments': '', 'stemmed comments': []}"
344,"{'func name': 'major_formatter', 'comments': '', 'stemmed comments': []}"
345,"{'func name': 'setup', 'comments': 'Set up common parameters for the Axes in the example.\n\n\n', 'stemmed comments': ['common', 'paramet', 'axe', 'exampl', 'set']}"
346,"{'func name': 'is_close_to_int', 'comments': '', 'stemmed comments': []}"
347,"{'func name': 'process_figure_for_rasterizing', 'comments': 'A function that needs to be called when figure dpi changes during the drawing (e.g., rasterizing).  It recovers the bbox and re-adjust it with the new dpi.\n\n\n', 'stemmed comments': ['function', 'call', 'figur', 'need', 'bbox', 'eg', 'draw', 'It', 'A', 'readjust', 'dpi', 'chang', 'new', 'raster', 'recov']}"
348,"{'func name': 'example_plot', 'comments': '', 'stemmed comments': []}"
349,"{'func name': 'get_tight_layout_figure', 'comments': 'Return subplot parameters for tight-layouted-figure with specified padding.\n\nParameters ---------- fig : Figure axes_list : list of Axes subplotspec_list : list of `.SubplotSpec` The subplotspecs of each axes. renderer : renderer pad : float Padding between the figure edge and the edges of subplots, as a fraction of the font size. h_pad, w_pad : float Padding (height/width) between edges of adjacent subplots.\n\nDefaults to *pad*. rect : Tuple[float, float, float, float], optional (left, bottom, right, top) rectangle in normalized figure coordinates that the whole subplots area (including labels) will fit into. Defaults to using the entire figure.\n##### Returns\n', 'stemmed comments': ['whole', 'return', 'the', 'size', 'coordin', 'pad', 'list', 'rectangl', 'figur', 'normal', 'label', 'use', 'left', 'tightlayoutedfigur', 'h_pad', 'top', 'specifi', 'axes_list', 'w_pad', 'area', 'rect', 'paramet', 'subplotspec_list', 'tupl', 'fig', 'option', 'fit', 'float', 'adjac', '[', 'subplot', 'font', ']', 'right', 'default', 'subplotspec', 'bottom', 'edg', 'includ', 'axe', 'fraction', 'render', 'entir', 'height/width']}"
350,"{'func name': 'update_title', 'comments': '', 'stemmed comments': []}"
351,"{'func name': 'offset_copy', 'comments': ""Return a new transform with an added offset.\n\nParameters ---------- trans : `Transform` subclass Any transform, to which offset will be applied. fig : `~matplotlib.figure.Figure`, default: None Current figure. It can be None if *units* are 'dots'. x, y : float, default: 0.0 The offset to apply. units : {'inches', 'points', 'dots'}, default: 'inches' Units of the offset.\n##### Returns\n"", 'stemmed comments': ['inch', 'return', 'the', 'x', 'ani', 'transform', 'appli', 'none', 'figur', '00', 'unit', 'ad', 'It', 'offset', '~matplotlibfigurefigur', '}', 'paramet', 'fig', 'float', 'tran', 'default', 'new', 'dot', '{', 'point', 'current', 'subclass']}"
352,"{'func name': 'launch', 'comments': 'Launch the GUI.\n\n\n', 'stemmed comments': ['launch', 'gui']}"
353,"{'func name': 'experiment_res', 'comments': 'An analytic function representing experiment results.\n\n\n', 'stemmed comments': ['function', 'experi', 'repres', 'result', 'analyt', 'An']}"
354,"{'func name': 'function_z', 'comments': '', 'stemmed comments': []}"
355,"{'func name': 'tricontourf', 'comments': '%(_tricontour_doc)s\n\nantialiased : bool, default: True Whether to use antialiasing.\n\nNotes ----- `.tricontourf` fills intervals that are closed at the top; that is, for boundaries *z1* and *z2*, the filled region is::\n\nz1 < Z <= z2\n\nexcept for the lowest interval, which is closed on both sides (i.e. it includes the lowest value).\n', 'stemmed comments': ['fill', '%', 'Z', 'except', 'lowest', 'use', 'antialias', ';', 'ie', 'side', 'whether', 'top', 'interv', '<', 'boundari', 'note', 'valu', 'z2', 'bool', 'region', '=', 'default', 'z1', '_tricontour_doc', 'includ', 'close', 'true', 'tricontourf']}"
356,"{'func name': 'on_mouse_move', 'comments': '', 'stemmed comments': []}"
357,"{'func name': 'dipole_potential', 'comments': 'The electric dipole potential V, at position *x*, *y*.\n\n\n', 'stemmed comments': ['dipol', 'the', 'electr', 'V', 'x', 'posit', 'potenti']}"
358,"{'func name': '_extract_submatrices', 'comments': 'Extract selected blocks of a matrices *M* depending on parameters *block_indices* and *block_size*.\n\n\n##### Returns\n* **    M_res[..., ir, **: ] = M[(block_indices*block_size+ir),\n\n', 'stemmed comments': ['[', 'block', 'extract', 'return', 'block_indic', 'M', 'depend', 'block_siz', ']', 'paramet', '=', 'ir', 'block_sizeir', 'matric', 'select', 'm_re']}"
359,"{'func name': 'tripcolor', 'comments': ""Create a pseudocolor plot of an unstructured triangular grid.\n\nThe triangulation can be specified in one of two ways; either::\n\ntripcolor(triangulation, ...)\n\nwhere triangulation is a `.Triangulation` object, or\n\n::\n\ntripcolor(x, y, ...) tripcolor(x, y, triangles, ...) tripcolor(x, y, triangles=triangles, ...) tripcolor(x, y, mask=mask, ...) tripcolor(x, y, triangles, mask=mask, ...)\n\nin which case a Triangulation object will be created.\n\nSee `.Triangulation` for a explanation of these possibilities.\n\nThe next argument must be *C*, the array of color values, either one per point in the triangulation if color values are defined at points, or one per triangle in the triangulation if color values are defined at triangles. If there are the same number of points and triangles in the triangulation it is assumed that color values are defined at points; to force the use of color values at triangles use the kwarg ``facecolors=C`` instead of just ``C``.\n\n*shading* may be 'flat' (the default) or 'gouraud'. If *shading* is 'flat' and C values are defined at points, the color values used for each triangle are from the mean C of the triangle's three points. If *shading* is 'gouraud' then color values must be defined at points.\n\nThe remaining kwargs are the same as for `~.Axes.pcolor`.\n"", 'stemmed comments': ['per', 'triangul', 'must', 'the', 'possibl', 'color', 'shade', 'one', 'x', 'may', 'mask=mask', '~axespcolor', 'mean', 'C', 's', 'plot', 'triangular', 'forc', 'use', 'number', ';', 'array', 'defin', 'flat', 'object', 'specifi', 'see', 'tripcolor', 'remain', 'assum', 'three', 'explan', 'unstructur', 'valu', 'grid', 'gouraud', 'case', 'facecolors=c', 'If', 'two', 'creat', 'default', 'triangles=triangl', 'argument', 'way', 'next', 'point', 'kwarg', 'either', 'pseudocolor', 'instead', 'triangl']}"
360,"{'func name': 'triplot', 'comments': 'Draw a unstructured triangular grid as lines and/or markers.\n\nThe triangulation to plot can be specified in one of two ways; either::\n\ntriplot(triangulation, ...)\n\nwhere triangulation is a `.Triangulation` object, or\n\n::\n\ntriplot(x, y, ...) triplot(x, y, triangles, ...) triplot(x, y, triangles=triangles, ...) triplot(x, y, mask=mask, ...) triplot(x, y, triangles, mask=mask, ...)\n\nin which case a Triangulation object will be created.\n\nSee `.Triangulation` for a explanation of these possibilities.\n\nThe remaining args and kwargs are the same as for `~.Axes.plot`.\n##### Returns\n* **lines **: `~matplotlib.lines.Line2D`\n    The drawn triangles edges.\n\n* **markers **: `~matplotlib.lines.Line2D`\n    The drawn marker nodes.\n\n', 'stemmed comments': ['and/or', 'triangul', 'return', 'the', 'possibl', 'one', 'x', 'line', 'mask=mask', 'drawn', 'plot', '~matplotliblinesline2d', 'triangular', ';', 'object', 'specifi', 'see', 'arg', 'remain', 'marker', 'explan', 'unstructur', 'grid', 'case', '~axesplot', 'two', 'creat', 'triangles=triangl', 'way', 'edg', 'draw', 'kwarg', 'either', 'triplot', 'node', 'triangl']}"
361,"{'func name': 'update', 'comments': '', 'stemmed comments': []}"
362,"{'func name': 'rad_fn', 'comments': 'Radian function formatter.\n\n\n', 'stemmed comments': ['formatt', 'function', 'radian']}"
363,"{'func name': '_is_natively_supported', 'comments': 'Return whether *x* is of a type that Matplotlib natively supports or an array of objects of such types.\n\n\n', 'stemmed comments': ['whether', 'nativ', 'return', 'support', 'x', 'array', 'matplotlib', 'object', 'type']}"
364,"{'func name': 'my_plotter', 'comments': 'A helper function to make a graph\n\nParameters ---------- ax : Axes The axes to draw to\n\ndata1 : array The x data\n\ndata2 : array The y data\n\nparam_dict : dict Dictionary of kwargs to pass to ax.plot\n##### Returns\n* **out **: list\n    list of artists added\n\n', 'stemmed comments': ['function', 'ax', 'return', 'the', 'helper', 'x', 'param_dict', 'data', 'dict', 'list', 'pass', 'ad', 'data1', 'axplot', 'array', 'make', 'graph', 'paramet', 'data2', 'artist', 'draw', 'axe', 'A', 'dictionari', 'kwarg']}"
365,"{'func name': 'test_window_extent', 'comments': '', 'stemmed comments': []}"
366,"{'func name': 'setfont', 'comments': '', 'stemmed comments': []}"
367,"{'func name': 'scan_setup_py', 'comments': '', 'stemmed comments': []}"
368,"{'func name': 'run', 'comments': 'Build a website for visual comparison\n\n\n', 'stemmed comments': ['websit', 'build', 'comparison', 'visual']}"
369,"{'func name': 'explode', 'comments': '', 'stemmed comments': []}"
370,"{'func name': 'midpoints', 'comments': '', 'stemmed comments': []}"
371,"{'func name': 'midpoints', 'comments': '', 'stemmed comments': []}"
372,"{'func name': 'get_rgb', 'comments': '', 'stemmed comments': []}"
373,"{'func name': 'do_event', 'comments': ""Trigger an event\n\nParameters ---------- tool : matplotlib.widgets.RectangleSelector etype the event to trigger xdata : int x coord of mouse in data coords ydata : int y coord of mouse in data coords button : int or str button pressed None, 1, 2, 3, 'up', 'down' (up and down are used for scroll events) key the key depressed when the mouse event triggered (see :class:`KeyEvent`) step : int number of scroll steps (positive for 'up', negative for 'down')\n"", 'stemmed comments': ['coord', 'down', 'button', 'tool', 'x', 'str', '3', 'data', 'press', 'key', 'none', 'trigger', 'use', 'mous', 'number', 'step', 'scroll', 'keyev', 'posit', 'depress', 'see', 'matplotlibwidgetsrectangleselector', 'paramet', '2', 'event', 'xdata', 'up', 'class', '1', 'neg', 'int', 'etyp', 'ydata']}"
374,"{'func name': 'generate', 'comments': 'Generates Z data for the points in the X, Y meshgrid and parameter phi.\n\n\n', 'stemmed comments': ['Y', 'X', 'paramet', 'Z', 'point', 'meshgrid', 'data', 'phi', 'gener']}"
375,"{'func name': 'get_demo_image', 'comments': '', 'stemmed comments': []}"
376,"{'func name': 'on_press', 'comments': '', 'stemmed comments': []}"
